Filename, Title (from PDF XMP metadata)
163102e, Intergovernmental Council of the IPDC; 26th; Media development indicators: a framework for assessing media development; 2010
186364e," Climate change and Arctic sustainable development: scientific, social, cultural and educational challenges; 2009"
186732e, Protecting Education from Attack; Protecting education from attack: a state-of-the-art review; 2010
186809e," Education under attack, 2010: a global study on targeted political and military violence against education staff, students, teachers, union and government officials, aid workers and institutions; 2010"
187026e, Atlas of the world's languages in danger; Memory of peoples; 2010
187044e, World Heritage cultural landscapes: a handbook for conservation and management; World heritage series: papers; Vol.:26; 2015
187309s, Etica ambiental y politicas internacionales; Etica; 2010
187513f," Atteindre les marginalises: rapport mondial de suivi sur l'EPT, 2010; 2010"
187818e, Caring and learning together: a cross-national study on the integration of early childhood care and education within education; 2010
187827f, Investir dans la diversite culturelle et le dialogue interculturel: rapport mondial de l'UNESCO; Ouvrages de reference de l'UNESCO; 2010
187865s," Llegar a los marginados: informe de seguimiento de la EPT en el mundo, 2010; 2010"
187899e, Report of the International Bioethics Committee of UNESCO (IBC) on social responsibility and health; 2010
188481e, Study on challenges in the development of local equality indicators: a human-rights-centred model; Commitment 2 of the Ten-Point Plan of Action; International coalition of cities against racism: discussion papers series; Vol.:5; 2010
188562e, Managing disaster risks for world heritage; World heritage resource manual; 2010
189418e, Sandwatch: adapting to climate change and educating for sustainable development; 2010
189451f, Atlas des langues en danger dans le monde; Memoire des peuples; 2010
189548e, National bioethics committees in action; 2010
189607m, Managing historic cities; World heritage series: papers; Vol.:27; 2010
189753e," Engineering: issues, challenges and opportunities for development; UNESCO report; 2012"
189958e," UNESCO science report, 2010: the current status of science around the world; 2010"
190054f, Rapport du Comite international de bioetique de l'UNESCO (CIB) sur la responsabilite sociale et la sante; 2010
190743e," The Hidden crisis: armed conflict and education; EFA global monitoring report, 2011; 2011"
190796e, Migrating alone: unaccompanied and separated children's migration to Europe; 2010
190810e," Professional journalism and self-regulation: new media, old dilemmas in South East Europe and Turkey; 2011"
190899e, Interregional Expert Meeting on Cultural Diversity in Small Island Developing States; Islands as crossroads: sustaining cultural diversity in small island developing states; 2011
191594e," Freedom of connection, freedom of expression: the changing legal and regulatory ecology shaping the Internet; 2013"
191745e, Arab-Muslim civilization in the mirror of the universal: philosophical perspectives; 2010
191797f," Savoirs des femmes: medecine traditionnelle et nature; Maurice, Reunion, Rodrigues; Savoirs locaux et autochtones; Vol.:1; 2011"
191873e, A Teaching resource kit for mountain countries: a creative approach to environmental education; 2010
192183e," National journeys towards education for sustainable development, 2011: reviewing national experiences from Chile, Indonesia, Kenya, the Netherlands, Oman; 2011"
192370e, Casebook on benefit and harm; Bioethics core curriculum casebook series; Vol.:2; 2011
192371e, Casebook on human dignity and human rights; Bioethics core curriculum casebook series; Vol.:1; 2011
192455f," Les medias, partenaires de l'education au developpement durable: kit de formation et de reference; Serie UNESCO sur la formation au journalisme; 2010"
192458e, Preparing World Heritage nominations; World heritage resource manual; 2010
192459e, Public service broadcasting: a comparative legal survey; 2011
192460f, Etablir une proposition d'inscription au patrimoine mondial; Patrimoine mondial: manuel de reference; 2010
192858e," Return[ed] to paradise: the deportation experience in Samoa & Tonga; MOST policy papers, new series MOST-2; Vol.:21; 2011"
192971e, Media and information literacy curriculum for teachers; 2012
193078e, Story-based inquiry: a manual for investigative journalists; 2011
193090eo, International Forum on the Social Science - Policy Nexus; Mapping out the research-policy matrix: a report on the outputs from the first International Forum on the Social Science-Policy Nexus; Research and policy series; 2011
193111e," World Heritage Marine Site Managers Meeting; 1st; Navigating the future of marine world heritage: results from the first World Heritage Marine Site Managers Meeting, Honolulu, Hawaii, 1-3 December 2010; World heritage series: papers; Vol.:28; 2011"
193754f, Sandwatch: s'adapter au changement climatique et eduquer pour le developpement durable; 2010
210895e, Contemporary issues in human rights education; 2011
210932s," Recorridos nacionales rumbo a la educacion para el desarrollo sostenible, 2011: analisis de las experiencias de los paises Chile, Indonesia, Kenya, Oman, Paises Bajos; 2011"
211591e, Water and climate dialogue: adapting to climate change: why we need broader and 'out-of-the-box' approaches; 2011
211645e," Rabindranath Tagore, Pablo Neruda, Aime Cesaire: for a reconciled universal; 2011"
211705e," Social science and policy challenges: democracy, values and capacities; Research and policy series; 2011"
211842e, Transforming education: the power of ICT policies; 2011
212262e, Capacity Development for Education for All: translating theory into practice; the CapEFA Programme; 2011
212642m, Human rights: major international instruments; status as at 30 June 2011; 2011
212716m," Human Evolution: Adaptations, Dispersals and Social Developments (HEADS): world heritage thematic programme; World heritage series: papers; Vol.:29; 2011"
213418e, Adapting to change: the state of conservation of World Heritage forests in 2011; World heritage series: papers; Vol.:30; 2011
213475e, UNESCO ICT Competency Framework for Teachers; 2015
213605e, Guidelines for open educational resources (OER) in higher education; 2015
214089e, Teaching philosophy in Europe and North America; 2011
214927f, Paysages culturels du patrimoine mondial: guide pratique de conservation et de gestion; Serie du patrimoine mondial: cahiers; Vol.:26; 2011
215041e, Empowering the poor through human rights litigation: manual; 2011
215097e, Community media: a good practice handbook; 2013
215098e, Preparing World Heritage nominations; World heritage resource manual; 2011
215219e, Tales set in stone: 40 years of the International Geoscience Programme (IGCP); 2012
215295e, Practical guidelines for supporting EDUCAIDS implementation; 2012
215298e," The Different aspects of Islamic culture, v. 3: the spread of Islam throughout the world; 2011"
215377e, The Dynamics of global water futures: driving forces 2011-2050; Global water futures 2050; Vol.:2; 2012
215380e, Five stylized scenarios; Global water futures 2050; Vol.:1; 2012
215443f, Mettre en oeuvre le droit a l'education: compilation d'exemples pratiques; 2012
215496e," Groundwater and global change: trends, opportunities and challenges; World Water Assessment Programme side publications series; Vol.:1; 2012"
215522e, World atlas of gender equality in education; 2012
215607e, The UNESCO Youth Forum: celebrating a decade of youth participation; 2011
215644e, United Nations world water development report 4: managing water under uncertainty and risk; 2012
215804e, A Basic guide to open educational resources (OER); 2015
215849s, Historias grabadas en piedra: 40 anos del Programa Internacional de Ciencias de la Tierra (IGCP); 2012
215861e," New insights on managing drylands: eighth international workshop, Alexandria (Egypt), 6-9 November 2010; 2012"
215863e, Policy guidelines for the development and promotion of open access; 2012
216029f," Liberte de connexion, liberte d'expression: ecologie dynamique des lois et reglements qui faconnent l'internet; 2012"
216080e, Turning on mobile learning in Latin America: illustrative initiatives and policy implications; UNESCO working paper series on mobile learning; 2012
216099s, Alfabetizacion mediatica e informacional: curriculum para profesores; 2011
216284e, Mobile learning for teachers in Asia: exploring the potential of mobile technologies to support teachers and improve practice; UNESCO working paper series on mobile learning; 2012
216312e, Regional Policy Seminar on Education Finance and Decentralization in Asia: Implications for Service Delivery; Decentralized finance and provision of basic education; Asia-Pacific education system review series; Vol.:4; 2013
216359e, Turning on mobile learning in Africa and the Middle East: illustrative initiatives and policy implications; UNESCO working paper series on mobile learning; 2012
216383e, Education for sustainable development: sourcebook; Education for sustainable development in action: learning & training tools; Vol.:4; 2013
216478s, Guardarenas Sandwatch: adaptarse al cambio climatico y educar para el desarollo sostenible; 2012
216493e, Education sector responses to homophobic bullying; Good policy and practice in HIV & AIDS and education. Booklet; Vol.:8; 2013
216529e, Community development through world heritage; World heritage series: papers; Vol.:31; 2012
216572e, Assessing marine world heritage from an ecosystem perspective: the Western Indian Ocean; World heritage series: papers; Vol.:32; 2012
216606e," Shaping the education of tomorrow: 2012 report on the UN Decade of Education for Sustainable Development, abridged; 2013"
216661e, School-to-work transition: information bases; Asia-Pacific education system review series; Vol.:6; 2013
216679f, L'Education pour le developpement durable: ouvrage de reference; L'education pour le developpement durable en action: outils pedagogiques; Vol.:4; 2012
216735e, Managing natural world heritage; World heritage resource manual; 2012
216756s, Educacion para el desarollo sostenible: libro de consulta; La educacion para el desarrollo sostenible en accion: instrumentos de aprendizaje y formacion; Vol.:4; 2012
216910f, TIC UNESCO: un referentiel de competences pour les enseignants; 2012
217105e, Fighting racism and discrimination: identifying and sharing good practices in the International Coalition of Cities; 2012
217165e, Green accounting and data improvement for water resources; World Water Assessment Programme: side publications series; Vol.:2; 2012
217180e," Water and sustainability: a review of target, tools and regional cases; World Water Assessment Programme: side publications series; Vol.:3; 2012"
217181e," Carbon and water footprints: concepts, methodologies and policy responses; World Water Assessment Programme: side publications series; Vol.:4; 2012"
217311s, Atlas mundial de la igualdad de genero en la educacion; 2012
217567f, Developpement des capacites pour l'Education pour tous: de la theorie a la pratique; le programme CapEFA; 2012
217636e, The Global investigative journalism casebook; UNESCO series on journalism education; 2012
217638e, Mobile learning and policies: key issues to consider; UNESCO working paper series on mobile learning; 2012
217742f," World Heritage Marine Site...; 1st; Cap sur le futur du patrimoine mondial marin: resultats de la premiere reunion des gestionnaires des sites marins du patrimoine mondial, Honolulu, Hawaii, 1er -3 decem...; Cahiers du patrimoine mondial; Vol.:28; 2012"
217743s," World Heritage Marine Site...; 1st; Navegando el futuro del patrimonio mundial marino: resultados de la primera reunion de administradores de sitios marinos del patrimonio mundial, Honolulu, Hawai, 1-...; Cuadernos del patrimonio mundial; Vol.:28; 2011"
217748e, African Human Origin Sites and the World Heritage Convention; Human origin sites and the World Heritage Convention in Africa; World heritage series: papers; Vol.:33; 2012
217816e, KEDI-UNESCO Bangkok Joint Seminar on Monitoring Student Learning Outcomes and School Performance; Student learning assessment; Asia-Pacific education system review series; Vol.:5; 2013
217831e, Gender-sensitive indicators for media: framework of indicators to gauge gender sensitivity in media operations and content; 2012
218003e," Youth and skills: putting education to work, EFA global monitoring report, 2012; 2013"
218273e, Global survey on internet privacy and freedom of expression; UNESCO series on internet freedom; 2013
218275e, Understanding world heritage in Asia and the Pacific: the second cycle of periodic reporting 2010-2012; World heritage series: papers; Vol.:35; 2013
218344por, Sandwatch: adaptar-se a mudanca climatica e educar para o desenvolvimento sustentavel; 2012
218436e, Echoes at fishermen's rock: traditional Tokelau fishing; Knowledges of nature; Vol.:4; 2012
218450e, From access to equality: empowering girls and women through literacy and secondary education; 2012
218552s, Material educativo para los paises situados en zonas montanosas: una manera creativa de educar sobre el medio ambiente; 2011
218618e, Freedom of expression toolkit: a guide for students; 2013
218631e, Why teach about the Holocaust; 2013
218793e," Gender equality, HIV and education; Good policy and practice in HIV & AIDS and education. Booklet; Vol.:7; 2012"
219086f, Gerer le patrimoine mondial naturel; Patrimoine mondial: manuel de reference; 2012
219155s, Forjar la educacion del manana: Decenio de las Naciones Unidas de la Educacion para el Dessarollo Sostenible: informe 2012 (abreviado); 2012
219220f, Reponses du secteur de l'education au harcelement homophobe; Politiques rationnelles et bonnes pratiques sur l'education et le VIH & SIDA. Brochure; Vol.:8; 2013
219447e, Integrated environmental assessment of agricultural and farming production systems in the Toledo River Basin (Brazil); 2013
219494e, The Principle of Respect for Human Vulnerability and Personal Integrity: report of the International Bioethics Committee of UNESCO (IBC); 2013
219637e, The Future of mobile learning: implications for policy makers and planners; UNESCO working paper series on mobile learning; 2013
219641e, UNESCO policy guidelines for mobile learning; 2013
219661f, Principes directeurs de l'UNESCO pour l'apprentissage mobile; 2013
219662s, Directrices para las politicas de aprendizaje movil; 2013
219667e, Overview of information literacy resources worldwide; 2013
219895f, Conseils pratiques pour le soutien a la mise en oeuvre d' EDUSIDA; 2013
220418por, Alfabetizacao midiatica e informacional: curriculo para formacao de professores; 2013
221008e," National Journeys towards Education for Sustainable Development, 2013: reviewing national ESD experiences from Costa Rica, Morocco, South Africa, Sweden, Viet Nam; 2013"
221033e, Promoting inclusive teacher education: introduction; Promoting inclusive teacher education: advocacy guide; Vol.:1; 2014
221034e, Promoting inclusive teacher education: policy; Promoting inclusive teacher education: advocacy guide; Vol.:2; 2014
221035e, Promoting inclusive teacher education: curriculum; Promoting inclusive teacher education: advocacy guide; Vol.:3; 2014
221036e, Promoting inclusive teacher education: materials; Promoting inclusive teacher education: advocacy guide; Vol.:4; 2014
221037e, Promoting inclusive teacher education: methodology; Promoting inclusive teacher education: advocacy guide; Vol.:5; 2013
221038e, Education microplanning toolkit: introductory module; 2014
221105e," Technical report of the project: Climate Change and Human Impacts on the Sustainability of Groundwater Resources: Quantity and Quality Issues, Mitigation and Adaptation Strategies in the Toledo River Basin (Brazil); 2013"
221199e, Model curricula for journalism education: a compendium of new syllabi; UNESCO series on journalism education; 2013
221397f," Batir l'education de demain: rapport 2012 sur la Decennie des Nations Unies pour l'education au service du developpement durable, version abregee; 2013"
221797f, De l'acces a l'egalite: autonomiser les filles et les femmes par l'alphabetisation et l'enseignement secondaire; 2013
222085f, Principes directeurs pour le developpement et la promotion du libre acces; 2013
222916por, Preparacao de candidaturas para o Patrimonio Mundial; Manual de referencia do patrimonio mundial; 2013
222918s, Respuestas del sector de educacion frente al bullying homofobico; Buenas politicas y practicas para la educacion en VIH y salud. Cuadernillo; Vol.:8; 2013
223646f, Etude sur le developpement des medias au Gabon basee sur les indicateurs de developpement des medias de l'UNESCO; 2013
223828e, Linking generations through radio: a toolkit from Africa for radio producers working with children and youth; 2013
223986e, The Sacred garden of Lumbini: perceptions of Buddha's birthplace; 2013
224531e, Renewing the knowledge societies vision for peace and sustainable development; 2013
224604e," WSIS + 10 Review Meeting: Towards Knowledge Societies for Peace and Sustainable Development; 1st; Towards Knowledge Societies for Peace and Sustainable Development, first WSIS+10 review event: outcomes; 2013"
224630e," Strengthening the governance of culture to unlock development opportunities, results of the UNESCO-EU expert facility project; 2013"
224655e, Global Media and Information Literacy Assessment Framework: country readiness and competencies; 2013
224662e, Tuning into development: international comparative survey of community broadcasting regulation; 2013
224677e," World social science report, 2013: changing global environments; 2013"
224698e," Creative economy report, 2013, special edition: widening local development pathways; 2014"
224725e," Mapping research and innovation in the Republic of Botswana; GO-SPIN country profiles in science, technology and innovation policy; Vol.:1; 2013"
224787e, Managing cultural world heritage; World heritage resource manual; 2013
225035e," Household literacy survey 2011 in Eastern Highlands Province and Autonomous Region of Bougainville, Papua New Guinea; 2013"
225258e, Sustaining literacy in Africa: developing a literate environment; Emerging trends in youth and adult literacy; 2014
225312e," Asia-Pacific Regional Policy Forum on Early Childhood Care and Education, 10-12 September 2013, Seoul, Republic of Korea: final report; 2013"
225451e, Climate change in Africa: a guidebook for journalists; UNESCO series on journalism education; 2013
225481m, Earthen architecture in today's world: proceedings of the UNESCO International Colloquium on the Conservation of World Heritage Earthen Architecture; World heritage series: papers; Vol.:36; 2013
225510f," Nzinga Mbandi, reine du Ndongo et du Matamba; UNESCO series on women in African history; 2014"
225571e, Media regulation in the Mekong and opportunities for the development of public service and community broadcasting; 2013
225606e, Media and information literacy: policy and strategy guidelines; 2013
225614m, A Journey through digital society: 25 innovations that are changing our lives; 2013
225625e, Pakistan: UNESCO Country Programming Document 2013-2017; 2013
225627e, Women's Empowerment for a Culture of Peace and Non-Violence in the Pacific: consultation meeting proceedings; 2013
225741e, The United Nations world water development report 2014; 2014
225973e, Holocaust education in a global context; 2014
226090e, Towards effective capacity development: Capacity Needs Assessment Methodology (CAPNAM) for planning and managing education; 2013
226125e, Charting the course of education and HIV; Education on the move; 2014
226218e," Gender, jobs and education: prospects and realities in the Asia-Pacific; 2013"
226219e, The International mobility of students in Asia and the Pacific; 2013
226220e, Expanding TVET at the secondary education level; Asia-Pacific education system review series; Vol.:7; 2013
226425e, Building inclusive knowledge societies: a review of UNESCO's action in implementing the WSIS outcomes; 2014
226457s, La Investigacion a partir de historias: manual para periodistas de investigacion; 2013
226462e," Elections reporting in the Arab Region: booklet resulted from the Exchanges of Experiences Seminar, Amman, November 2013; 2014"
226538e, Community learning centres: Asia-Pacific regional conference report 2013; national qualifications frameworks for lifelong learning and skills development; 2013
226721e, Never too late to complete school: results of the UIS survey on adult education and literacy programmes in Latin America and the Caribbean; UIS Information paper; Vol.:15; 2014
226754e, School-related gender-based violence in the Asia-Pacific region; 2014
226792e, Puberty education & menstrual hygiene management; Good policy and practice in HIV & AIDS and education. Booklet; Vol.:9; 2014
226793f, Gerer le patrimoine mondial culturel; Patrimoine mondial: manuel de reference; 2014
226795s, Gestion del patrimonio mundial cultural; Patrimonio mundial: manual de referencia; 2014
226796s, Gestion del patrimonio mundial natural; Patrimonio mundial: manual de referencia; 2014
226842s, Elaboracion de propuestas de inscripcion en la Lista del Patrimonio Mundial; Patrimonio mundial: manual de referencia; 2014
226875f, Vers un droit d'acces a l'information publique: les avancees recentes des normes et des pratiques; 2014
226886f, Rassembler les generations par le biais de la radio: un guide pratique en provenance de l'Afrique a l'intention des professionnels de la radio qui travaillent avec des enfants et des jeunes; 2014
227018s, Gasto publico en la educacion de America Latina ?Puede servir a los propositos de la Declaracion de Paris sobre los Recursos Educativos Abiertos?; Cuadernos de discusion de comunicacion e informacion; Vol.:1; 2014
227025e, World trends in freedom of expression and media development; 2014
227115e, Institutional repository software comparison; 2014
227146e, UNESCO 2013; 2014
227151f, Le Changement climatique en Afrique: guide a l'intention des journalistes; Serie de l'UNESCO sur la formation au journalisme; 2014
227162f, Acceder a l'information c'est notre droit: guide pratique pour promouvoir l'acces a l'information publique au Maroc; 2014
227208e, Learning to live together; 2014
227229e, Model policy for inclusive ICTs in education for persons with disabilities; 2014
227284e, Adolescents' HIV prevention and treatment toolkit for Eastern and Southern Africa; 2014
227373e, UNESCO/APEID International Conference on Education; 16th; The Heart of education: learning to live together; selected papers presented at the 16th UNESCO-APEID International Conference; 2014
227374e, Information and communication technology (ICT) in education in Asia: a comparative analysis of ICT integration and e-readiness in schools across Asia; UIS Information paper; Vol.:22; 2014
227424e," National Commissions for UNESCO: annual report, 2013; 2014"
227436e, Reading in the mobile era: a study of mobile reading in developing countries; 2014
227478e," UNESCO Pacific World Heritage Workshop; 5th; Pasivika: islands connected through heritage;final report: UNESCO Pacific World Heritage Workshop, Suva, Fiji, 27-30 November 2013; 2014"
227516e," Higher education in Asia, expanding out, expanding up: the rise of graduate education and university research; 2014"
227518e," Bullying targeting secondary school students who are or are perceived to be transgender or same-sex attracted: types, prevalence, impact, motivation and preventive measures in 5 provinces of Thailand; 2014"
227613e, Climate change adaptation for natural World Heritage sites: a practical guide; World heritage series: papers; Vol.:37; 2014
227650pol, Odpowiedzi sektora edukacji na homofobiczna przemoc rowiesnicza; 2014
227706e, A Brief on school bullying on the basis of sexual orientation and gender identity: LGBT-friendly Thailand?; 2014
227707e, Lesson plans for teaching about sexual and gender diversity in Thailand; 2014
227729e, Global citizenship education: preparing learners for the challenges of the 21st century; 2014
227734e, World trends in freedom of expression and media development: regional overview of Africa; 2014
227736e, World trends in freedom of expression and media development: regional overview of the Arab region; 2014
227737e, World trends in freedom of expression and media development: regional overview of Asia and the Pacific; 2014
227738e, World trends in freedom of expression and media development: regional overview of Central and Eastern Europe; 2014
227740e, World trends in freedom of expression and media development: regional overview of Latin America and the Caribbean; 2014
227741e, World trends in freedom of expression and media development: regional overview of Western Europe and North America; 2014
227748e, Guide to conducting an R&D survey: for countries starting to measure research and experimental development; Technical paper; Vol.:11; 2014
227770por, Diretrizes de politicas da UNESCO para a aprendizagem movel; 2014
227775e," The Chinchorro culture: a comparative perspective, the archaeology of the earliest human mummification; 2014"
227781e, Comprehensive sexuality education: the challenges and opportunities for scaling-up; 2014
227784e, Assessment of media development in Palestine: based on UNESCO's media development indicators; 2014
227858e," Africa's minds build a better future: African science, technology & innovation success stories; 2014"
227938f, Edifier des societes du savoir inclusives: examen de l'action de l'UNESCO visant a mettre en oeuvre les resultats du SMSI; 2014
227977f, Maintien de l'ordre et respect de la liberte d'expression: manuel pedagogique; 2014
227981e, Innovative ways for a sustainable use of drylands: final report of the Sumamad Project; 2014
227983e, Teaching respect for all: implementation guide; 2014
228058e," UNESCO publications catalogue: Asia-Pacific region, 2012-2013; 2014"
228074por, O Futuro da aprendizagem movel: implicacoes para planejadores e gestores de politicas; 2014
228085e, ISCED fields of education and training 2013 (ISCED-F 2013): manual to accompany the International Standard Classification of Education 2011; 2014
228134s, Gestion del riesgo de desastres para el patrimonio mundial; Patrimonio mundial: manual de referencia; 2014
228267e, Gisele Rabesahala: walk to the Royal Hill of Ambohimanga; Women in African history series; 2014
228324e," Najaf, the Gate of wisdom; 2014"
228399e, Media and gender: a scholarly agenda for the Global Alliance on Media and Gender; 2014
228401e," UNESCO Beijing Office: biennium report, 2012-2013; 2014"
228479e, UNESCO Bangkok office; 2014
228565e, In or out? Asia-Pacific review of young key populations in national AIDS strategic plans; 2014
228649e," Open educational resources in France: overview, perspectives and recommendations; 2014"
228776e, The International status of education about the Holocaust: a global mapping of textbooks and curricula; 2014
228798e, Stay safe and be prepared: a student's guide to disaster risk reduction; 2014
228806e," Mapping research and innovation in the Republic of Zimbabwe; GO-SPIN country profiles in science, technology and innovation policy; Vol.:2; 2014"
228807e," Mapping research and innovation in the Republic of Malawi; GO-SPIN country profiles in science, technology and innovation policy; Vol.:3; 2014"
228833e, Safeguarding precious resources for island communities; World heritage series: papers; Vol.:38; 2014
228934f, Pour un developpement efficace des capacites: methodologie d'evaluation des besoins en capacites (CAPNAM) pour la planification et la gestion de l'education; 2014
228963e, Stay safe and be prepared: a teacher's guide to disaster risk reduction; 2014
228964e, Stay safe and be prepared: a parent's guide to disaster risk reduction; 2014
229054e, BRICS: building education for the future; priorities for national development and international cooperation; 2014
229059e, Guidelines for earthquake resistant non-engineered construction; 2014
229174e, Human Origins Sites in Asia and World Heritage Convention; Human origin sites and the World Heritage Convention in Asia; World heritage series: papers; Vol.:39; 2014
229335e, World-wide survey of school physical education: final report; 2014
229336e, Towards a learning culture of safety and resilience: technical guidance for integrating disaster risk reduction in the school curriculum; 2014
229418e," Gender equality, heritage and creativity; 2015"
229419f, Education a la puberte et a la gestion de l'hygiene menstruelle; Politiques rationnelles et bonnes pratiques sur l'education et le VIH & SIDA. Brochure; Vol.:9; 2014
229421f," Guide pedagogique pour le developpement des competences en education a la sante reproductive, au VIH et au SIDA a l'usage des formateurs-trices et des enseignants-es; 2014"
229602por, BRICS: construir a educacao para o futuro; prioridades para o desenvolvimento nacional e a cooperacao internacional; 2014
229608e, UNESCO culture for development indicators: methodology manual; 2014
229696f," Ressources educatives libres en France: regards, perspectives et recommandations; 2014"
229697e, Summary report of the 2013 UIS cultural employment metadata survey; UIS information paper; Vol.:23; 2014
229750e," Consultation on the development of Samoa Culture Centre, Apia, Samoa, 5-6 February 2014: final report; 2014"
229778f, Benin: rapport d'etat du systeme educatif: pour une revitalisation de la politique educative dans le cadre du programme decennal de developpement du secteur de l'education; 2014
230048f, Enseigner le respect pour tous: guide de mise en oeuvre; 2014
230062f, Education a la citoyennete mondiale: preparer les apprenants aux defis du XXIe siecle; 2015
230063f, L'Adaptation au changement climatique pour les sites du patrimoine mondial naturel: guide pratique; Cahiers du patrimoine mondial; Vol.:37; 2014
230103e, Nzinga Mbandi: Queen of Ndongo and Matamba; UNESCO series on women in African history; 2014
230122e, Wangari Maathai: and the green belt movement; UNESCO series on women in African history; 2014
230124e, Yennega: Princess of Gambaga; UNESCO series on women in African history; 2014
230171e, Shaping the future we want: UN Decade of Education for Sustainable Development; final report; 2014
230173f," Rapport sur l'economie creative, 2013, edition speciale: elargir les voies du developpement local; 2013"
230205f, La Prevention du dopage dans le sport: insuffisances et defis; 2014
230302e, Shaping the future we want: UN Decade of Education for Sustainable Development (2005-2014); final report;summary; 2014
230304f, Egalite des genres: patrimoine et creativite; 2014
230372e, Engaging local communities in stewardship of World Heritage: a methodology based on the COMPACT experience; World heritage series: papers; Vol.:40; 2014
230504e," Basic texts of the 2003 Convention for the Safeguarding of the Intangible Cultural Heritage, 2014 edition; 2014"
230514e, UNESCO roadmap for implementing the Global Action Programme on Education for Sustainable Development; 2014
230529e," Understanding community perceptions about climate change in the Pacific, final report; 2014"
230611e, Towards indicators for a post-2015 education framework: Post-2015 Education Indicators Technical Advisory Group of the EFA Steering Committee; 2014
230725por, 2? relatorio global sobre aprendizagem e educacao de adultos: repensando a alfabetizacao; 2014
230727por, Planejamento e gestao de politicas educativas: formacao em contexto de funcionarios do MEC Brasil; 2014
230732por, Experiencias em educacao preventiva ao uso de drogas: a experiencia do Brasil; 2014
230739m," Tyotohoki diyok-nim to amkira batih, tyotikok nyama, tokodowik nyama adik diyok-nim namamtunim, apoknim tom tyokatu wahumam ...; Serie Javari: educacao preventiva para DST/HIV/Aids e hepatites virais para povos indigenas do Vale do Javari; Vol.:4; 2014"
230779s," Encuentro de generaciones por medio de la radio: guia practica desarrollada en Africa para productores radiales que trabajan con ninos, ninas y jovenes; 2014"
230845f, Education et VIH: evolution et perspectives; L'Education en devenir; 2014
230847e," Information for all Programme, IFAP: report 2008-2013; 2014"
230892f," Politiques et pratiques relatives aux enseignants dans la perspective de l'Education pour tous: etudes de cas du Burkina Faso, du Senegal et du Togo; 2014"
230929e, Funmilayo Ransome-Kuti: and the Women's Union of Abeokuta; UNESCO series on women in African history; 2014
230934e, The Women soldiers of Dahomey; UNESCO series on women in African history; 2014
230936e, The Mulatto Solitude; UNESCO series on women in African history; 2014
230986s, La Informacion y el conocimiento abierto en el contexto de la cooperacion multilateral: aspectos clave para la revision del Acuerdo Regional no. 7 de ALADI; Cuadernos de discusion de comunicacion e informacion; Vol.:2; 2014
231017e," Proposed standard practice for surveys on Science, Engineering, Technology and Innovation (SETI) policy instruments, SETI governing bodies, SETI legal framework and policies; 2014"
231066e," Fifty years of hydro(geo)logical mapping activities under the auspices of UNESCO, CGWM, IAH and BGR; 2014"
231068f, Indicateurs d'egalite des genres dans les medias: cadre d'indicateurs pour l'evaluation de la sensibilite a la question du genre dans les activites et contenus (mediatiques); 2015
231069s, Indicadores de genero para medios de comunicacion: marco de indicadores para evaluar la sensibilidad en materia de genero en las operaciones y contenidos mediaticos; 2014
231076s, A salvo y preparado: guia para padres sobre la reduccion del riesgo de desastres; 2014
231083e, The Asia and Pacific Regional Bureau's Education Support Strategy 2014-2021: Learning for Peace and sustainable Development; 2014
231084s, A salvo y preparado: guia del alumno sobre la reduccion del riesgo de desastres; 2014
231085s, A salvo y preparado: guia para docentes sobre la reduccion del riesgo de desastres; 2014
231101e, Quality Physical Education (QPE): guidelines for policy makers; 2015
231113e, TVET policy review: Saint Kitts and Nevis; 2014
231132m, From words to action; 2014
231158e, UNESCO's response to Ebola: strategy paper; 2014
231159e, Global bioethics: what for? Twentieth anniversary of UNESCO's Bioethics Programme; 2015
231160e, Technical and vocational teachers and trainers in the Arab region: a review of policies and practices on continuous professional development; 2014
231162e, Fostering freedom online: the role of Internet intermediaries; UNESCO series on internet freedom; 2014
231217e, Asia-Pacific Regional Education Conference; Envisioning education beyond 2015: Asia-Pacific regional perspectives; final report; 2014
231218e," International Conference on Small Island Developing States; 3rd; Underwater cultural heritage and small island developing states: 3rd UN International Conference on Small Island Developing States, (Apia, Samoa, 1-4 September 2014): final report; 2014"
231247s, Guia para realizar una encuesta de I+D: dirigida a los paises que inician sus mediciones de investigacion y desarrollo experimental; Documento tecnico; Vol.:11; 2014
231278f, Le Numerique au service de l'education en Afrique; 2015
231287e, TVET policy review: South Sudan; 2014
231288e, UNESCO education strategy 2014-2021; 2014
231305e, Freedom of expression and public order: training manual; 2015
231397f, Pourquoi une bioetique globale? 20e anniversaire du Programme de bioethique de l'UNESCO; 2015
231426e, Heritage for peace and reconciliation: safeguarding underwater cultural heritage of the First World War;manual for teachers; 2015
231508e, Fixing the broken promise of Education for All: findings from the Global Initiative on Out-of-School Children: executive summary; 2015
231511e, Fixing the broken promise of Education for All: findings from the global initiative on out-of-school children; 2015
231519e," A Complex formula: girls and women in science, technology, engineering and mathematics in Asia; 2015"
231540s, ?Por que una bioetica global? Vigesimo aniversario del Programa de Bioetica de la UNESCO; 2015
231551e, Festival statistics: key concepts and current practices; 2009 framework for cultural statistics handbook; Vol.:3; 2015
231567e, Safeguarding intangible cultural heritage through the strengthening of national capacities in Asia and the Pacific: 2011-2014 project completion report; 2015
231646e, A Guide for gender equality in teacher education policy and practices; 2015
231661s, Igualdad de genero: patrimonio y creatividad; 2015
231755e," Revisiting Kathmandu: safeguarding living urban heritage; Proceeding of an International Symposium, Kathmandu Valley, 25-29 November 2013; 2015"
231797f, Apprentissage positif: repondre aux besoins des jeunes vivant avec le VIH dans le secteur de l'education; 2015
231807por, Gestao de riscos de desastres para o patrimonio mundial; Manual de referencia do patrimonio mundial; 2015
231823e, The United Nations world water development report 2015: water for a sustainable world; 2015
231867e, Digital services for education in Africa; 2015
231868s, Adaptacion al cambio climatico en sitios naturales del patrimonio mundial: guia practica; Cuadernos del patrimonio mundial; Vol.:37; 2015
231907e, 2013 Asia-Pacific Education Research Institutes Network (ERI-Net) regional study on: transversal competencies in education policy and practice (Phase I): regional synthesis report; ERI-Net regional policy study series; Vol.:1; 2015
231920e, Introduction to open access; Open access for library schools; Vol.:1; 2015
231938e, Scholarly communication; Open access for researchers; Vol.:1; 2015
231944e, Empowering Adolescent Girls and Young Women through Education; 2015
231945e, Bridging learning gaps for youth: UNESCO education response to the Syria crisis (2015-2016); 2015
231963por, Diretrizes em educacao fisica de qualidade (EFQ) para gestores de politicas; 2015
232179e, Facing the challenges: case studies and indicators;UNESCO's contributions to the United Nations world water development report 2015; 2015
232189e," Better life, better future: UNESCO Global Partnership for Girls' and Women's Education; 2015"
232199e, Interoperability and retrieval; Open access for library schools; Vol.:4; 2015
232201e, Resource optimization; Open access for library schools; Vol.:3; 2015
232204e, Open access infrastructure; Open access for library schools; Vol.:2; 2015
232205e," Education for All 2000-2015: achievements and challenges; EFA global monitoring report, 2015; 2015"
232207e, Concepts of openness and open access; Open access for researchers; Vol.:2; 2015
232208e, Intellectual property rights; Open access for researchers; Vol.:3; 2015
232210e, Research evaluation metrics; Open access for researchers; Vol.:4; 2015
232211e, Sharing your work in open access; Open access for researchers; Vol.:5; 2015
232266e, Post-2015 dialogues on culture and development; 2015
232343e, ISCED 2011 operational manual: guidelines for classifying national education programmes and related qualifications; 2015
232358e, Building digital safety for journalism: a survey of selected issues; UNESCO series on internet freedom; 2015
232368f, Le Principe du respect de la vulnerabilite humaine et de l'integrite personnelle: rapport du Comite international de bioethique de l'UNESCO (CIB); 2015
232374e, UNESCO culture for development indicators: implementation toolkit; 2014
232381e, Learning with intangible heritage for a sustainable future: guidelines for educators in the Asia-Pacific region; 2015
232431e, The Global map of groundwater vulnerability to floods and droughts: explanatory notes; 2015
232432e, UNESCO 2014; 2015
232433f," Education pour tous 2000-2015: progres et enjeux;rapport mondial de suivi sur l'EPT, 2015; 2015"
232435s," La Educacion para Todos, 2000-2015: logros y desafios;informe de seguimiento de la EPT en el mundo, 2015; 2015"
232437e, Summary report of the 2013 UIS innovation data collection; UIS Information paper; Vol.:24; 2015
232550e," Attitudinal survey report on the delivery of HIV and sexual reproductive health education in school settings in Nauru, Niue, Palau and Samoa; 2015"
232551e, Attitudinal survey report on the delivery of HIV and sexual reproductive health education in school settings in Nauru; 2015
232552e, Attitudinal survey report on the delivery of HIV and sexual reproductive health education in school settings in Niue; 2015
232553e, Attitudinal survey report on the delivery of HIV and sexual reproductive health education in school settings in Palau; 2015
232554e, Attitudinal survey report on the delivery of HIV and sexual reproductive health education in school settings in Samoa; 2015
232555e, Rethinking education: towards a global common good?; 2015
232563e," Keystones to foster inclusive knowledge societies: access to information and knowledge, freedom of expression, privacy and ethics on a global internet; 2015"
232575por, Renovando a visao das sociedades do conhecimento para a paz e o desenvolvimento sustentavel; 2015
232584f, Engager les communautes locales dans la gerance du patrimoine mondial: methodologie fondee sur l'experience de COMPACT; Cahiers du patrimoine mondial; Vol.:40; 2015
232607e, State of early childhood development in West and Central Africa in 2010-11: analysis based on MICS4 surveys; 2014
232614e, A Case study of Serbia: measuring the economic contribution of cultural industries; 2009 framework for cultural statistics handbook; Vol.:4; 2015
232623f, Republique Democratique du Congo: rapport d'etat du systeme educatif: pour une education au service de la croissance et de la paix; resume executif; 2014
232636e, A Matter of right and reason: gender equality in educational planning and management; Gender equality in education; 2015
232649e," National Commissions for UNESCO: annual report, 2014; 2015"
232657e, Agree to differ; 2015
232696f, Repenser l'education: vers un bien commun mondial?; 2015
232697s, Replantear la educacion: ?Hacia un bien comun mundial?; 2015
232709e, Interim assessment of media development in South Sudan: based on UNESCO's media development indicators; 2015
232799s, El Liderazgo escolar en America Latina y el Caribe: un estado del arte con base en ocho sistemas escolares de la region; 2014
232842f, Lignes directrices pour les ressources educatives libres (REL) dans l'enseignement superieur; 2015
232851e, The Transition from secondary education to higher education: case studies from Asia and the Pacific; 2015
232852por, Directrizes para recursos educacionais abertos (REA): no ensino superior; 2015
232855s, Directrices para los recursos educativos abiertos (REA) en la educacion superior; 2015
232909e, Transforming teaching and learning in Asia and the Pacific: case studies from seven countries; 2015
232922por," Programa Mundial para Educacao em Direitos Humanos: terceira fase, plano de acao; 2015"
232986s, Guia basica de recursos educativos abiertos (REA); 2015
232992s, Catastro de experiencias relevantes de politicas docentes en America Latina y el Caribe; 2014
232993e, Global citizenship education: topics and learning objectives; 2015
233004e," Bangladesh, pre-primary education and the school learning improvement plan: promising EFA practices in the Asia-Pacific region; case study; 2015"
233005e, The Philippines Kariton Klasrum: promising EFA practices in the Asia-Pacific region; case study; 2015
233006e," Cambodia, early reading and writing: promising EFA practices in the Asia-Pacific region; case study; 2015"
233007e," Indonesia, literacy for life skills and entrepreneurship: promising EFA practices in the Asia-Pacific region; case study; 2015"
233008e," India, Sarva Shiksha Abhiyan: promising EFA practices in the Asia-Pacific region; case study; 2015"
233022por, Empoderando pessoas e criando capacidades nas organizacoes da sociedade civil; 2014
233030e, Unleashing the potential: transforming technical and vocational education and training; Education on the move; 2015
233031m, Science diplomacy and transboundary water management: the Orontes River case; 2015
233083e, Not just hot air: putting climate change education into practice; 2015
233138e, Taytu Betul: the rise of an Itege; UNESCO series on women in African history; 2015
233139f, Taytu Betul: l'avenement d'une Etege; Serie UNESCO femmes dans l'histoire de l'Afrique; 2015
233142por," Seminario Educacao em Sexualidade e Relacoes de Genero na Formacao...; Seminario Educacao em Sexualidade e Relacoes de Genero na Formacao Inicial Docente no Ensino Superior, Fundacao Carlos Chagas, Sao Paulo, 9 de outubro de 2013: relatorio final; 2014"
233231e, Countering online hate speech; UNESCO series on internet freedom; 2015
233236e, Asia-Pacific regional Education for All report: a synthesis of the national EFA reports; 2015
233240f, Education a la citoyennete mondiale: themes et objectifs d'apprentissage; 2015
233244e, Human Origins Sites in Eurasia and World Heritage Convention; Human origin sites and the World Heritage Convention in Eurasia; World heritage series: papers; Vol.:41; 2015
233315e, Cultural policies and the 2005 UNESCO Convention in Asia; 2014
233355e," Underwater cultural heritage from World War I: proceedings of the Scientific Conference on the Occasion of the Centenary of World War I, Bruges, Belgium, 26 & 27 June 2014; 2015"
233395m, Patrimonio da humanidade no Brasil: suas riquezas culturais e naturais; 2014
233420e, Inside the news: challenges and aspirations of women journalists in Asia and the Pacific; 2015
233500m, Sitios arqueologicos brasileiros; 2014
233510e, Planning education with and for youth; IIEP policy forum; 2015
233547e, Measuring the education sector response to HIV and AIDS: handbook: supporting country-level data collection for core indicators; 2015
233558e, Investing against evidence: the global state of early childhood care and education; Education on the move; 2015
233579e," World Water Forum; 7th; Proceedings on Water Education and Capacity Building: Key for Water Security and Sustainable Development, 7th World Water Forum; 2015"
233592e, The Role of higher education in promoting lifelong learning; UIL publication series on lifelong learning policies and strategies; Vol.:3; 2015
233712e, Workshop on Revitalization of Indigenous Architecture and Traditional Building Skills; Workshop on Revitalization of Indigenous Architecture and Traditional Building Skills: final report; 2015
233734e, Multi-level risk and protective factors and HIV-related risk behaviours among young men who have sex with men (YMSM) in Myanmar; 2015
233767e, Guidelines for education sector plan preparation; 2015
233768e, Guidelines for education sector plan appraisal; 2015
233811e, Global Dialogue Workshop on Indigenous and Local Knowledge of Pollination and Pollinators with Food P...; Indigenous and local knowledge about pollination and pollinators associated with food production: outcomes from the global dialogue workshop; 2015
233825e," Asia-Pacific Consultation on School Bullying based on Sexual Orientation and Gender Identity/Expression, 15-17 June 2015, Bangkok, Thailand: meeting report; 2015"
233828s, La Lectura en la era movil: un estudio sobre la lectura movil en los paises en desarrollo; 2015
233876s, Educacion para la ciudadania mundial: temas y objetivos de aprendizaje; 2015
233878e, Teaching journalism for sustainable development: new syllabi; UNESCO series on journalism education; 2015
233887e," Analytical study of Kota Tua, Jakarta; 2014"
233979f, Recherche-action: ameliorer l'alphabetisation des jeunes et des adultes; autonomiser les apprenants dans un monde multilingue; 2015
233988e," Bangladesh, pre-primary education and the school learning improvement plan: promising EFA practices in the Asia-Pacific region, case study; abridged version; 2015"
233989e," Cambodia, early reading and writing: promising EFA practices in the Asia-Pacific region, case study; abridged version; 2015"
233990e," India, Sarva Shiksha Abhiyan: promising EFA practices in the Asia-Pacific region, case study; abridged version; 2015"
233991e," Indonesia, literacy for life skills and entrepreneurship: promising EFA practices in the Asia-Pacific region, case study; abridged version; 2015"
233992e," The Philippines Kariton Klasrum: promising EFA practices in the Asia-Pacific region, case study; abridged version; 2015"
233993e, The Economic cost of out-of-school children in Southeast Asia; 2015
234082e," Sex-disaggregated indicators for water assessment, monitoring and reporting; World Water Assessment Programme: gender and water series; Vol.:1; 2015"
234132por, Liberar o potencial: transformar a educacao e a formacao tecnica e profissional; Educacao em movimento; 2015
234143f, Recherche-action sur la mesure des apprentissages des beneficiaires des programmes d'alphabetisation: resultats de la premiere phase 2011-2014; 2015
234154e," The Evolution and impact of literacy campaigns and programmes, 2000-2014; UIL research series; Vol.:1; 2015"
234185e, Communities in action: lifelong learning for sustainable development; 2015
234252e, Learning families: intergenerational approaches to literacy teaching and learning; selected case studies from http://www.unesco.org/uil/litbase; 2015
234253e, Transforming our world: literacy for sustainable development; selected case studies from http://www.unesco.org/uil/litbase; 2015
234279e, Information and communication technology (ICT) in education in Sub-Saharan Africa: a comparative analysis of basic e-readiness in schools; UIS Information paper; Vol.:25; 2015
234311por, Educacao para a cidadania global: preparando alunos para os desafios do seculo XXI; 2015
234325e, Mobile phones & literacy: empowerment in women's hands; a cross-case analysis of nine experiences; 2015
234386e, Curriculum development and review for democratic citizenship and human rights education; 2015
234425e, Assessment of media development in Jordan based on UNESCO's Media Development Indicators; 2015
234435e, Principles for governing the Internet: a comparative analysis; UNESCO series on internet freedom; 2015
234513e, Guidelines on how to collect sex-disaggregated water data; World Water Assessment Programme: gender and water series; Vol.:2; 2015
234514e, Questionnaire for collecting sex-disaggregated water data; World Water Assessment Programme: gender and water series; Vol.:3; 2015
234536e, Unlocking the potential of urban communities: case studies of twelve learning cities; 2015
234620f, Combattre les discours de haine sur internet; Collection UNESCO sur la liberte de l'Internet; 2015
234621e, Practical conservation guidelines for traditional courtyard houses and environment in the ancient city of Pingyao; 2015
234674e, The State of broadband 2015: broadband as a foundation for sustainable development; 2015
234736e," Mapping research and innovation in the Republic of Rwanda; GO-SPIN country profiles in science, technology and innovation policy; Vol.:4; 2015"
234738e, Transversal skills in TVET: policy implications; Asia-Pacific education system review series; Vol.:8; 2015
234745s, Liberar el potencial de las comunidades urbanas: estudios de caso de doce ciudades del aprendizaje; 2015
234746s, Principios y buenas practicas para los medios publicos en America Latina; Cuadernos de discusion de comunicacion e informacion; Vol.:3; 2015
234756e, Teachers in Asia Pacific: status and rights; 2015
234794s, La Renovacion de la vision de las sociedades del conocimiento para la paz y el desarrollo sostenible; 2015
234986e, UNESCO Global Network of Learning Cities: guiding documents; 2015
235022e, Celebrating 50 years of water leadership in Asia and the Pacific: success stories from the field; 2015
235049e, International Standard Classification of Education: fields of education and training 2013 (ISCED-F 2013);detailed field descriptions; 2015
